{"cameraMode":{"drawMode":0,"name":"Shaded","section":"Shading Mode"},"sceneLighting":false,"audioPlay":false,"sceneViewState":{"m_AlwaysRefresh":false,"showFog":true,"showSkybox":false,"showFlares":true,"showImageEffects":true,"showParticleSystems":true,"showVisualEffectGraphs":true,"m_FxEnabled":true},"in2DMode":false,"pivot":{"x":508.44073486328127,"y":295.508056640625,"z":-260.1162414550781},"rotation":{"x":0.026351461187005044,"y":0.031139176338911058,"z":-0.0014827430713921786,"w":0.9987965822219849},"size":70.71067810058594,"orthographic":false}