{"cameraMode":{"drawMode":0,"name":"Shaded","section":"Shading Mode"},"sceneLighting":false,"audioPlay":false,"sceneViewState":{"m_AlwaysRefresh":false,"showFog":true,"showSkybox":false,"showFlares":true,"showImageEffects":true,"showParticleSystems":true,"showVisualEffectGraphs":true,"m_FxEnabled":true},"in2DMode":false,"pivot":{"x":554.9271240234375,"y":273.47161865234377,"z":59.25079345703125},"rotation":{"x":0.0743042379617691,"y":-0.007839979603886605,"z":-0.00007188646122813225,"w":0.9968320727348328},"size":82.41673278808594,"orthographic":false}