{"cameraMode":{"drawMode":0,"name":"Shaded","section":"Shading Mode"},"sceneLighting":false,"audioPlay":false,"sceneViewState":{"m_AlwaysRefresh":false,"showFog":true,"showSkybox":false,"showFlares":true,"showImageEffects":true,"showParticleSystems":true,"showVisualEffectGraphs":true,"m_FxEnabled":true},"in2DMode":false,"pivot":{"x":0.40917325019836428,"y":1.8496932983398438,"z":-0.4356738030910492},"rotation":{"x":0.191114604473114,"y":-0.011781989596784115,"z":0.0022992414887994529,"w":0.9815000891685486},"size":4.122140884399414,"orthographic":false}