{"cameraMode":{"drawMode":0,"name":"Shaded","section":"Shading Mode"},"sceneLighting":false,"audioPlay":false,"sceneViewState":{"m_AlwaysRefresh":false,"showFog":true,"showSkybox":false,"showFlares":true,"showImageEffects":true,"showParticleSystems":true,"showVisualEffectGraphs":true,"m_FxEnabled":true},"in2DMode":false,"pivot":{"x":39.91615676879883,"y":21.465408325195314,"z":-136.03079223632813},"rotation":{"x":0.16507989168167115,"y":0.021876243874430658,"z":-0.003672983730211854,"w":0.9859214425086975},"size":84.72438049316406,"orthographic":false}