{"cameraMode":{"drawMode":0,"name":"Shaded","section":"Shading Mode"},"sceneLighting":false,"audioPlay":false,"sceneViewState":{"m_AlwaysRefresh":false,"showFog":true,"showSkybox":false,"showFlares":true,"showImageEffects":true,"showParticleSystems":true,"showVisualEffectGraphs":true,"m_FxEnabled":true},"in2DMode":false,"pivot":{"x":2.1541061401367189,"y":41.82377624511719,"z":-129.29391479492188},"rotation":{"x":0.14435648918151856,"y":-0.016638394445180894,"z":0.0024039973504841329,"w":0.9892749190330505},"size":254.633544921875,"orthographic":false}