{"cameraMode":{"drawMode":0,"name":"Shaded","section":"Shading Mode"},"sceneLighting":true,"audioPlay":false,"sceneViewState":{"m_AlwaysRefresh":false,"showFog":true,"showSkybox":true,"showFlares":true,"showImageEffects":true,"showParticleSystems":true,"showVisualEffectGraphs":true,"m_FxEnabled":true},"in2DMode":false,"pivot":{"x":647.8306274414063,"y":426.2817687988281,"z":-238.3695068359375},"rotation":{"x":0.11555250734090805,"y":-0.0000035876087167707739,"z":0.0000061055829974066,"w":0.993308424949646},"size":179.75717163085938,"orthographic":false}