{"cameraMode":{"drawMode":0,"name":"Shaded","section":"Shading Mode"},"sceneLighting":true,"audioPlay":false,"sceneViewState":{"m_AlwaysRefresh":false,"showFog":true,"showSkybox":true,"showFlares":true,"showImageEffects":true,"showParticleSystems":true,"showVisualEffectGraphs":true,"m_FxEnabled":true},"in2DMode":false,"pivot":{"x":-1.5007656812667847,"y":0.8671082854270935,"z":-0.7612130045890808},"rotation":{"x":-0.2554069757461548,"y":0.016528448089957238,"z":-0.004367013927549124,"w":-0.9666739106178284},"size":10.151735305786133,"orthographic":false}