{"cameraMode":{"drawMode":0,"name":"Shaded","section":"Shading Mode"},"sceneLighting":true,"audioPlay":false,"sceneViewState":{"m_AlwaysRefresh":false,"showFog":true,"showSkybox":true,"showFlares":true,"showImageEffects":true,"showParticleSystems":true,"showVisualEffectGraphs":true,"m_FxEnabled":true},"in2DMode":false,"pivot":{"x":507.518798828125,"y":276.6148376464844,"z":5.5485992431640629},"rotation":{"x":0.14338837563991548,"y":0.013545533642172814,"z":-0.0019455141155049205,"w":0.9895630478858948},"size":222.56137084960938,"orthographic":false}