{"cameraMode":{"drawMode":0,"name":"Shaded","section":"Shading Mode"},"sceneLighting":true,"audioPlay":false,"sceneViewState":{"m_AlwaysRefresh":false,"showFog":true,"showSkybox":true,"showFlares":true,"showImageEffects":true,"showParticleSystems":true,"showVisualEffectGraphs":true,"m_FxEnabled":true},"in2DMode":false,"pivot":{"x":584.07373046875,"y":365.7213134765625,"z":4.76251220703125},"rotation":{"x":0.021895814687013627,"y":-0.006311431992799044,"z":0.00011167548655066639,"w":0.9996992349624634},"size":345.66656494140627,"orthographic":false}