{"cameraMode":{"drawMode":0,"name":"Shaded","section":"Shading Mode"},"sceneLighting":true,"audioPlay":false,"sceneViewState":{"m_AlwaysRefresh":false,"showFog":true,"showSkybox":true,"showFlares":true,"showImageEffects":true,"showParticleSystems":true,"showVisualEffectGraphs":true,"m_FxEnabled":true},"in2DMode":false,"pivot":{"x":588.7300415039063,"y":146.80935668945313,"z":1305.6666259765625},"rotation":{"x":0.1203528419137001,"y":0.052089545875787738,"z":-0.006325301714241505,"w":0.9913709759712219},"size":972.7298583984375,"orthographic":false}